[
    {
        "id":1,
        "name":"Rahul",
        "place":"Hyderabad",
        "age":22,
        "pic":"https://plus.unsplash.com/premium_photo-1664474619075-644dd191935f?q=80&w=2938&auto=format&fit=crop&ixlib=rb-4.0.3&ixid=M3wxMjA3fDB8MHxwaG90by1wYWdlfHx8fGVufDB8fHx8fA%3D%3D"
    },
    {
        "id":2,
        "name":"Vikram",
        "place":"Mumbai",
        "age":23,
        "pic":"https://images.unsplash.com/photo-1575936123452-b67c3203c357?q=80&w=2940&auto=format&fit=crop&ixlib=rb-4.0.3&ixid=M3wxMjA3fDB8MHxwaG90by1wYWdlfHx8fGVufDB8fHx8fA%3D%3D"
    },
    {
        "id":3,
        "name":"Suraj",
        "place":"Delhi",
        "age":24,
        "pic":"https://images.unsplash.com/photo-1566438480900-0609be27a4be?q=80&w=3094&auto=format&fit=crop&ixlib=rb-4.0.3&ixid=M3wxMjA3fDB8MHxwaG90by1wYWdlfHx8fGVufDB8fHx8fA%3D%3D"
    },
    {
        "id":4,
        "name":"Mubeen",
        "place":"Hyderabad",
        "age":26,
        "pic":"https://plus.unsplash.com/premium_photo-1672116453187-3aa64afe04ad?q=80&w=2938&auto=format&fit=crop&ixlib=rb-4.0.3&ixid=M3wxMjA3fDB8MHxwaG90by1wYWdlfHx8fGVufDB8fHx8fA%3D%3D"
    },
    {
        "id":5,
        "name":"Deepak",
        "place":"Bangaloru",
        "age":28,
        "pic":"https://plus.unsplash.com/premium_photo-1676637000058-96549206fe71?q=80&w=2940&auto=format&fit=crop&ixlib=rb-4.0.3&ixid=M3wxMjA3fDB8MHxwaG90by1wYWdlfHx8fGVufDB8fHx8fA%3D%3D"
    }
]